StartDate,EndDate,Status,IPAddress,Progress,Duration (in seconds),Finished,RecordedDate,ResponseId,RecipientLastName,RecipientFirstName,RecipientEmail,ExternalReference,LocationLatitude,LocationLongitude,DistributionChannel,UserLanguage,Q1,Q2,Q3_1,Q4_1,Q5_1,Q5_2,Q5_3,Q5_4,Q5_5,Q6_1,Q6_2,Q6_3,Q6_4,Q6_5,Q6_6,Q6_7,Q7,Q8,Q9,Q10
Start Date,End Date,Response Type,IP Address,Progress,Duration (in seconds),Finished,Recorded Date,Response ID,Recipient Last Name,Recipient First Name,Recipient Email,External Data Reference,Location Latitude,Location Longitude,Distribution Channel,User Language,What is your Participant ID,What condition is this,How emotionally stimulating or exciting did you find the experience? - 1,How enjoyable or pleasurable did you find the experience? - 1,"From this experiment condition, please say how much you agree with the following statements - The space was visually interesting","From this experiment condition, please say how much you agree with the following statements - The space was too visually busy","From this experiment condition, please say how much you agree with the following statements - I enjoy the look/feel of the space","From this experiment condition, please say how much you agree with the following statements - The space was memorable","From this experiment condition, please say how much you agree with the following statements - The space was visually harmonious","From this experiment condition, please say how much you agree with the following statements - I felt the art was a natural addition to the space","From this experiment condition, please say how much you agree with the following statements - I think the art was positioned appropriately","From this experiment condition, please say how much you agree with the following statements - I think the art was appropriately sized","From this experiment condition, please say how much you agree with the following statements - I felt like the art was really there in the physical space","From this experiment condition, please say how much you agree with the following statements - I felt that the art was realistic","From this experiment condition, please say how much you agree with the following statements - I felt the visual clarity/fidelity of the models was sufficient","From this experiment condition, please say how much you agree with the following statements - I felt the lighting/shading of the models was appropriate for the space",What about the experience did you like?,What about the experience did you not like? Any concerns with this technology in this space?,"Is there anything you would add, remove, or change in this scene?","How did the art affect you, if at all? Why?"
"{""ImportId"":""startDate"",""timeZone"":""Europe/London""}","{""ImportId"":""endDate"",""timeZone"":""Europe/London""}","{""ImportId"":""status""}","{""ImportId"":""ipAddress""}","{""ImportId"":""progress""}","{""ImportId"":""duration""}","{""ImportId"":""finished""}","{""ImportId"":""recordedDate"",""timeZone"":""Europe/London""}","{""ImportId"":""_recordId""}","{""ImportId"":""recipientLastName""}","{""ImportId"":""recipientFirstName""}","{""ImportId"":""recipientEmail""}","{""ImportId"":""externalDataReference""}","{""ImportId"":""locationLatitude""}","{""ImportId"":""locationLongitude""}","{""ImportId"":""distributionChannel""}","{""ImportId"":""userLanguage""}","{""ImportId"":""QID14_TEXT""}","{""ImportId"":""QID15""}","{""ImportId"":""QID2_1""}","{""ImportId"":""QID3_1""}","{""ImportId"":""QID17_1""}","{""ImportId"":""QID17_2""}","{""ImportId"":""QID17_3""}","{""ImportId"":""QID17_4""}","{""ImportId"":""QID17_5""}","{""ImportId"":""QID4_1""}","{""ImportId"":""QID4_2""}","{""ImportId"":""QID4_3""}","{""ImportId"":""QID4_4""}","{""ImportId"":""QID4_5""}","{""ImportId"":""QID4_6""}","{""ImportId"":""QID4_7""}","{""ImportId"":""QID6_TEXT""}","{""ImportId"":""QID7_TEXT""}","{""ImportId"":""QID8_TEXT""}","{""ImportId"":""QID16_TEXT""}"
2025-02-11 12:22:55,2025-02-11 12:23:56,IP Address,148.252.156.169,100,61,True,2025-02-11 12:23:56,R_2oEF4PkJg96ATqp,,,,,51.4964,-0.1224,anonymous,EN,1,ARC No Art,4,0,Mostly Agree,Slightly Disagree,Completely Agree,Completely Agree,Mostly Agree,,,,,,,,,,,
2025-02-11 12:24:25,2025-02-11 12:27:21,IP Address,148.252.156.169,100,175,True,2025-02-11 12:27:21,R_833fpqvMq0cuRtX,,,,,51.4964,-0.1224,anonymous,EN,1,ARC 2D,32,50,Completely Agree,Mostly Disagree,Mostly Agree,Completely Agree,Completely Agree,Completely Agree,Mostly Agree,Completely Agree,Mostly Agree,Completely Agree,Slightly Agree,Completely Agree,It brought more colour to the space and liked the recognisable pieces.,Felt people staring at me. Smaller 2D art pieces disappeared.,Remove smaller art pieces but otherwise pretty good,It made me happy
2025-02-11 12:27:28,2025-02-11 12:32:19,IP Address,148.252.156.169,100,291,True,2025-02-11 12:32:20,R_8hXqroJApNwiNXX,,,,,51.4964,-0.1224,anonymous,EN,1,ARC 3D,92,100,Completely Agree,Completely Disagree,Completely Agree,Completely Agree,Completely Agree,Completely Agree,Completely Agree,Completely Agree,Mostly Agree,Completely Agree,Completely Agree,Mostly Agree,I liked that it wasn't fully realistic but had good quality and added more cool urban vibes to the space and visual texture,One of the statues went a little slant but other than that nothing,No,"Made me really happy, because it was pretty"
2025-02-11 12:38:34,2025-02-11 12:39:45,IP Address,148.252.156.169,100,71,True,2025-02-11 12:39:45,R_2rNZQN8iqb8nkWW,,,,,51.4964,-0.1224,anonymous,EN,1,Quad No Art,50,100,Completely Agree,Completely Disagree,Completely Agree,Completely Agree,Completely Agree,,,,,,,,,,,
2025-02-11 12:39:52,2025-02-11 12:42:52,IP Address,148.252.156.169,100,180,True,2025-02-11 12:42:53,R_8HJ0tPXOxdbVbbP,,,,,51.4964,-0.1224,anonymous,EN,1,Quad 2D,60,60,Completely Agree,Completely Disagree,Mostly Agree,Completely Agree,Mostly Agree,Mostly Agree,Completely Agree,Completely Agree,Mostly Agree,Completely Agree,Completely Agree,Completely Agree,"Brought colour into the space ","Concerns: indented windows means measurements between paintings must be precise ",No,It made me happy since it it was pretty
2025-02-11 12:43:35,2025-02-11 12:46:07,IP Address,148.252.156.169,100,152,True,2025-02-11 12:46:08,R_8whon3HFZoNeJYQ,,,,,51.4964,-0.1224,anonymous,EN,1,Quad 3D,80,80,Mostly Agree,Mostly Disagree,Mostly Agree,Completely Agree,Completely Agree,Mostly Agree,Completely Agree,Completely Agree,Completely Agree,Completely Agree,Completely Agree,Completely Agree,More visual interest,"Maybe the fireman one was too classic, I liked the urban technology feel mixed with the classic sandstone and classic architecture ",Remove fireman statue,"It made me really happy because it was pretty and interesting "
2025-02-11 12:52:54,2025-02-11 12:54:13,IP Address,148.252.156.169,100,79,True,2025-02-11 12:54:13,R_233GwP3QvoQFH9C,,,,,51.4964,-0.1224,anonymous,EN,1,Road No Art,41,0,Completely Agree,Completely Disagree,Mostly Disagree,Mostly Agree,Mostly Agree,,,,,,,,,,,
2025-02-11 12:54:21,2025-02-11 12:58:51,IP Address,148.252.156.169,100,269,True,2025-02-11 12:58:51,R_2zZI7UBw391B7M8,,,,,51.4964,-0.1224,anonymous,EN,1,Road 2D,50,31,Mostly Agree,Mostly Disagree,Mostly Agree,Completely Agree,Mostly Agree,Completely Agree,Mostly Agree,Completely Agree,Slightly Agree,Mostly Agree,Completely Agree,Completely Agree,Added colour and personality to the space,Mostly a place that shouldn't have 2D art in my opinion,Maybe one 2 pieces of art and instead of paintings do poster looking ones on the fences,Make me happy for the colour in the dark dull street
2025-02-11 12:59:55,2025-02-11 13:03:49,IP Address,148.252.156.169,100,234,True,2025-02-11 13:03:49,R_25GCwBEoMJQ87X2,,,,,51.4964,-0.1224,anonymous,EN,1,Road 3D,70,20,Completely Agree,Completely Agree,Mostly Disagree,Completely Agree,Completely Disagree,Completely Disagree,Completely Agree,Mostly Disagree,Completely Agree,Completely Agree,Completely Agree,Completely Agree,"I liked that it added lightness into the dark space ",Because it was a narrow space I felt like 3D art shouldn't be there unless a lot smaller,Remove all 3D art apart from the fireman statue it looked natural for the space and was a good size,Made made me feel slightly happy for the lightness
2025-02-11 13:27:19,2025-02-11 13:29:11,IP Address,130.209.157.50,100,111,True,2025-02-11 13:29:11,R_2qg1ACeczLQ1D7H,,,,,55.867,-4.2621,anonymous,EN,2,Road No Art,31,56,Slightly Agree,Completely Disagree,Slightly Disagree,Slightly Agree,Slightly Disagree,,,,,,,,,,,
2025-02-11 13:29:13,2025-02-11 13:34:04,IP Address,130.209.157.50,100,291,True,2025-02-11 13:34:05,R_2LYAdE5OIEtiBEz,,,,,55.867,-4.2621,anonymous,EN,2,Road 2D,60,60,Slightly Agree,Completely Disagree,Mostly Agree,Slightly Agree,Mostly Agree,Completely Agree,Slightly Disagree,Slightly Disagree,Mostly Disagree,Slightly Agree,Slightly Disagree,Slightly Disagree,"I liked being able to see the artwork as I walked by a familiar route ","Not at all really, it's not too obtrusive of reality ","Name cards or information panels for each artwork ","Not at all no "
2025-02-11 13:34:50,2025-02-11 13:35:39,IP Address,130.209.157.50,100,48,True,2025-02-11 13:35:40,R_8OrCX0oS7yx34Yz,,,,,55.867,-4.2621,anonymous,EN,3,Road No Art,20,20,Mostly Disagree,Completely Disagree,Mostly Disagree,Mostly Disagree,Mostly Agree,,,,,,,,,,,
2025-02-11 13:34:07,2025-02-11 13:37:37,IP Address,130.209.157.50,100,210,True,2025-02-11 13:37:37,R_86xspJHffBLoAlr,,,,,55.867,-4.2621,anonymous,EN,2,Road 3D,81,89,Completely Agree,Slightly Disagree,Mostly Agree,Completely Agree,Slightly Agree,Slightly Disagree,Mostly Agree,Completely Agree,Mostly Agree,Mostly Agree,Mostly Agree,Slightly Agree,"Was very cool being able to walk around the models and see them in reality ","The larger work blocked my view of the pavement and other pedestrians, so if this were used in day to day travel and not small scale exhibitions the this could cause issues","Similarly to before some form of identification or information on the artworks ",It was very cool to see the work to scale
2025-02-11 13:35:43,2025-02-11 13:37:47,IP Address,130.209.157.50,100,123,True,2025-02-11 13:37:47,R_8duGsUTtbT8pyVw,,,,,55.867,-4.2621,anonymous,EN,3,Road 2D,60,60,Slightly Agree,Completely Disagree,Slightly Agree,Slightly Agree,Slightly Disagree,Mostly Disagree,Mostly Agree,Slightly Agree,Slightly Agree,Undecided,Slightly Disagree,Mostly Disagree,It was interesting to see a place I know change,"The lighting on the paintings felt weird, some were hard to see detail",Not really,It was surprising
2025-02-11 13:37:49,2025-02-11 13:39:45,IP Address,130.209.157.50,100,116,True,2025-02-11 13:39:46,R_8zJaL9ACoXBPS0R,,,,,55.867,-4.2621,anonymous,EN,3,Road 3D,80,80,Mostly Agree,Slightly Agree,Slightly Agree,Mostly Agree,Slightly Agree,Slightly Agree,Mostly Agree,Mostly Agree,Mostly Agree,Mostly Agree,Mostly Agree,Slightly Agree,"Being able to see them from different angles was cool, and the scale of the gate was impressive",It was hard to see people coming,Better visibility,It was exciting
2025-02-11 13:51:40,2025-02-11 13:53:07,IP Address,130.209.157.50,100,87,True,2025-02-11 13:53:08,R_8okBGjiNQqTKLDz,,,,,55.867,-4.2621,anonymous,EN,3,Quad No Art,31,29,Slightly Agree,Completely Disagree,Undecided,Slightly Agree,Completely Agree,,,,,,,,,,,
2025-02-11 14:01:47,2025-02-11 14:02:17,IP Address,130.209.157.50,100,30,True,2025-02-11 14:02:18,R_2nbtNbCz8yccDq9,,,,,55.867,-4.2621,anonymous,EN,2,Quad No Art,50,60,Undecided,Completely Disagree,Slightly Disagree,Slightly Agree,Slightly Disagree,,,,,,,,,,,
2025-02-11 13:53:10,2025-02-11 14:03:04,IP Address,130.209.157.54,100,594,True,2025-02-11 14:03:04,R_2h9JfAqtbfD9ak9,,,,,55.867,-4.2621,anonymous,EN,3,Quad 2D,61,60,Mostly Agree,Completely Disagree,Mostly Agree,Slightly Agree,Mostly Agree,Mostly Agree,Mostly Agree,Mostly Agree,Slightly Disagree,Slightly Disagree,Undecided,Mostly Agree,"The paintings felt more natural here ",Not really,Not really,It was interesting
2025-02-11 14:03:07,2025-02-11 14:04:58,IP Address,130.209.157.54,100,110,True,2025-02-11 14:04:59,R_22aRrbc2Fmj83L3,,,,,55.867,-4.2621,anonymous,EN,3,Quad 3D,51,49,Mostly Agree,Completely Disagree,Slightly Agree,Mostly Agree,Mostly Disagree,Slightly Disagree,Mostly Agree,Mostly Agree,Slightly Disagree,Undecided,Slightly Disagree,Mostly Disagree,It was cool seeing multiple pieces together,"Detail was hard to make out at distance ",Not really,It was impressive
2025-02-11 14:02:22,2025-02-11 14:06:40,IP Address,130.209.157.50,100,258,True,2025-02-11 14:06:40,R_2asHfua7jxLXycw,,,,,55.867,-4.2621,anonymous,EN,2,Quad 2D,70,70,Mostly Agree,Mostly Disagree,Mostly Agree,Slightly Agree,Slightly Agree,Completely Agree,Slightly Disagree,Slightly Disagree,Completely Agree,Mostly Agree,Mostly Agree,Slightly Disagree,"It was very cool being able to see the artwork up close ",Purely the positioning of the artwork being behind the walls,"Pictures could be enlarged and even more frequent, additionally the info panels ","Was really cool seeing it up close "
2025-02-11 14:06:41,2025-02-11 14:10:36,IP Address,130.209.157.50,100,234,True,2025-02-11 14:10:36,R_8XrKT18vwe3svsZ,,,,,55.867,-4.2621,anonymous,EN,2,Quad 3D,76,80,Completely Agree,Slightly Disagree,Slightly Agree,Completely Agree,Slightly Disagree,Mostly Agree,Mostly Disagree,Slightly Disagree,Slightly Agree,Mostly Agree,Completely Agree,Slightly Disagree,It was again cool seeing the representation of the real objects over familiar space,"No concerns ","Maybe a way of adjusting the way models attach to surfaces, or having the option to reposition","No affect "
2025-02-11 14:26:31,2025-02-11 14:26:59,IP Address,130.209.157.50,100,27,True,2025-02-11 14:26:59,R_8ootMn2OAd6fkry,,,,,55.867,-4.2621,anonymous,EN,2,ARC No Art,68,70,Slightly Disagree,Completely Disagree,Slightly Agree,Slightly Disagree,Slightly Disagree,,,,,,,,,,,
2025-02-11 14:28:28,2025-02-11 14:28:59,IP Address,130.209.157.54,100,30,True,2025-02-11 14:28:59,R_2CdAMftPiFCPNj4,,,,,55.867,-4.2621,anonymous,EN,3,ARC No Art,30,30,Slightly Agree,Completely Disagree,Completely Agree,Slightly Agree,Completely Agree,,,,,,,,,,,
2025-02-11 14:27:01,2025-02-11 14:31:36,IP Address,130.209.157.50,100,274,True,2025-02-11 14:31:36,R_8VsXnZ3fh4vYAns,,,,,55.867,-4.2621,anonymous,EN,2,ARC 2D,71,30,Mostly Agree,Completely Disagree,Mostly Agree,Completely Agree,Mostly Agree,Completely Agree,Completely Agree,Completely Agree,Completely Agree,Completely Agree,Completely Agree,Completely Agree,"It was very cool seeing the gallery ","The random homeless fellas who yelled ""get it fucking up ye"" ","The art was positioned well, possibly just more art, and info panels","Not at all, just the homeless men were mean ðŸ˜”"
2025-02-11 14:29:02,2025-02-11 14:32:14,IP Address,130.209.157.54,100,191,True,2025-02-11 14:32:14,R_8PDjNlVAVGK6kDv,,,,,55.867,-4.2621,anonymous,EN,3,ARC 2D,60,60,Mostly Agree,Completely Disagree,Mostly Agree,Mostly Agree,Completely Agree,Mostly Agree,Slightly Agree,Completely Agree,Mostly Agree,Slightly Agree,Slightly Disagree,Mostly Agree,Having the art lined up was nice,To other people I looked like I was staring in the window,"Not really ",It was cool
2025-02-11 14:32:19,2025-02-11 14:33:39,IP Address,130.209.157.54,100,79,True,2025-02-11 14:33:39,R_2ZQA8Nz0bmzH2Ra,,,,,55.867,-4.2621,anonymous,EN,3,ARC 3D,60,70,Completely Agree,Completely Disagree,Completely Agree,Completely Agree,Mostly Agree,Mostly Agree,Mostly Agree,Completely Agree,Completely Agree,Slightly Agree,Slightly Agree,Mostly Agree,Being able to walk in a space with multiple pieces up close,Not really,Not really,"It was impressive "
2025-02-11 14:31:37,2025-02-11 14:33:53,IP Address,130.209.157.50,100,135,True,2025-02-11 14:33:53,R_2JtkdU2RHeQ2CAr,,,,,55.867,-4.2621,anonymous,EN,2,ARC 3D,50,40,Completely Agree,Mostly Disagree,Mostly Agree,Completely Agree,Mostly Agree,Slightly Disagree,Mostly Disagree,Slightly Agree,Mostly Agree,Completely Agree,Mostly Agree,Slightly Disagree,"Very cool seeing the models in real world ","The homeless men, but fr the perception that exists from use of the technology ""in the wild""","Info panels, and maybe an option to rotate the models","Not at all really "
2025-02-11 16:07:25,2025-02-11 16:10:31,IP Address,130.209.157.51,100,185,True,2025-02-11 16:10:31,R_8dAYmtHymnYcnSx,,,,,55.867,-4.2621,anonymous,EN,4,Quad No Art,15,10,Slightly Agree,Slightly Disagree,Mostly Agree,Mostly Agree,Slightly Agree,,,,,,,,,,,
2025-02-11 16:10:49,2025-02-11 16:15:38,IP Address,130.209.157.51,100,288,True,2025-02-11 16:15:38,R_8CgrC22Hrm8WRHw,,,,,55.867,-4.2621,anonymous,EN,4,Quad 2D,27,10,Slightly Agree,Mostly Disagree,Slightly Disagree,Mostly Agree,Mostly Agree,Mostly Agree,Completely Agree,Slightly Disagree,Mostly Disagree,Mostly Disagree,Slightly Disagree,Mostly Agree,"Very impressive technology ","I was instructed to place stuff on windows, was kinda concerned that the people inside would be annoyed/confused","Make the images bigger, kinda hard to see",I'm not really an art person
2025-02-11 16:15:27,2025-02-11 16:17:44,IP Address,130.209.157.52,100,136,True,2025-02-11 16:17:44,R_8w9YroePEFPalsR,,,,,55.867,-4.2621,anonymous,EN,5,Quad No Art,10,10,Mostly Disagree,Mostly Disagree,Slightly Disagree,Slightly Agree,Slightly Agree,,,,,,,,,,,
2025-02-11 16:15:45,2025-02-11 16:19:02,IP Address,130.209.157.51,100,196,True,2025-02-11 16:19:02,R_2U0MPcvClvtA1ep,,,,,55.867,-4.2621,anonymous,EN,4,Quad 3D,35,45,Mostly Agree,Slightly Disagree,Slightly Agree,Slightly Agree,Slightly Disagree,Slightly Disagree,Slightly Agree,Completely Agree,Slightly Disagree,Slightly Disagree,Slightly Disagree,Slightly Agree,"Was really cool, good experience",Kinda hard to not see the hovering art when already placed art,Move statues a bit to the left,Not really
2025-02-11 16:17:50,2025-02-11 16:29:00,IP Address,130.209.157.52,100,670,True,2025-02-11 16:29:01,R_846r9I05VRcT7X8,,,,,55.867,-4.2621,anonymous,EN,5,Quad 2D,70,80,Mostly Agree,Slightly Disagree,Mostly Agree,Slightly Agree,Mostly Agree,Mostly Agree,Slightly Agree,Completely Agree,Slightly Agree,Mostly Agree,Mostly Agree,Mostly Agree,I like that the art added to the visual experience of the space with intruding into my vision,"I didnâ€™t like that one of the pieces of art appeared to be floating in space in front of a door, which give the concern that this technology could be used to block important real world information from the user ",I would add that the art would be bigger so that the details could be seen,"I was pleasantly interested in the art which increased my interest in the space "
2025-02-11 16:28:34,2025-02-11 16:29:11,IP Address,130.209.157.51,100,36,True,2025-02-11 16:29:11,R_2OVpm1SI7EJlCdX,,,,,55.867,-4.2621,anonymous,EN,4,Road No Art,4,12,Completely Disagree,Slightly Agree,Mostly Disagree,Slightly Agree,Slightly Agree,,,,,,,,,,,
2025-02-11 16:29:07,2025-02-11 16:32:21,IP Address,130.209.157.52,100,194,True,2025-02-11 16:32:21,R_8PZjHVqS3wiwMLx,,,,,55.867,-4.2621,anonymous,EN,5,Quad 3D,90,50,Completely Agree,Completely Agree,Mostly Agree,Completely Agree,Slightly Disagree,Slightly Disagree,Slightly Agree,Mostly Disagree,Mostly Disagree,Slightly Disagree,Slightly Agree,Mostly Agree,"That it allowed status to be experienced in a different quieter environment ","That the status intruded more in to the space taking away from the original environment ",I would only include one or two pieces of art so to not over load the space,It was quite intimidating due to its size and layout
2025-02-11 16:29:19,2025-02-11 16:32:24,IP Address,130.209.157.51,100,184,True,2025-02-11 16:32:24,R_88IYLSbvHvf9Nho,,,,,55.867,-4.2621,anonymous,EN,4,Road 2D,32,53,Slightly Agree,Slightly Disagree,Undecided,Slightly Agree,Slightly Disagree,Slightly Disagree,Mostly Agree,Mostly Agree,Slightly Agree,Mostly Agree,Mostly Agree,Mostly Agree,Wore my glasses this time. Everything was well placed and easier to see,"Kinda felt like having floaters, bad for a headache. If ppl walked in front of the art, or moved quickly in front of u like a cyclist it was very blurry",No,Not really
2025-02-11 16:32:29,2025-02-11 16:34:41,IP Address,130.209.157.51,100,131,True,2025-02-11 16:34:41,R_2pA32KskKQVgswB,,,,,55.867,-4.2621,anonymous,EN,4,Road 3D,30,29,Slightly Agree,Mostly Agree,Slightly Agree,Slightly Agree,Mostly Disagree,Mostly Disagree,Slightly Disagree,Completely Disagree,Slightly Disagree,Slightly Agree,Mostly Agree,Mostly Agree,Felt like it was really there,"Technology too big for space, also quality worsened with more moving people","Not have to look across road to look at art. Also very large statues in middle of busy pavement, could walk into someone","Not really "
2025-02-11 16:45:24,2025-02-11 16:46:24,IP Address,130.209.157.52,100,59,True,2025-02-11 16:46:24,R_8f9ltlUj2g8jfpq,,,,,55.867,-4.2621,anonymous,EN,5,Road No Art,5,1,Mostly Disagree,Undecided,Mostly Disagree,Mostly Disagree,Slightly Agree,,,,,,,,,,,
2025-02-11 16:46:38,2025-02-11 16:52:00,IP Address,130.209.157.52,100,322,True,2025-02-11 16:52:01,R_2MmdQ5voHmdAouZ,,,,,55.867,-4.2621,anonymous,EN,5,Road 2D,60,80,Mostly Agree,Slightly Agree,Mostly Agree,Undecided,Mostly Agree,Mostly Agree,Mostly Agree,Mostly Agree,Mostly Disagree,Mostly Disagree,Slightly Agree,Slightly Agree,That is added to a visual uninteresting place allowing something interesting to be looked at while say going between classes,That the art didnâ€™t feel physically there due to perspective shifts between closer objects like the fence and further object like the trees,Have the art lower down or place directly to the fence so the perspective of the art doesnâ€™t feel like itâ€™s changing from close to far constantly,"Pleasantly as it added something visually interesting to a boring place "
2025-02-11 16:52:04,2025-02-11 16:57:07,IP Address,130.209.157.52,100,303,True,2025-02-11 16:57:08,R_2R1T7P7NFv8Wl2K,,,,,55.867,-4.2621,anonymous,EN,5,Road 3D,90,30,Mostly Agree,Completely Agree,Mostly Disagree,Completely Agree,Mostly Disagree,Completely Disagree,Completely Disagree,Mostly Disagree,Mostly Disagree,Undecided,Mostly Agree,Mostly Agree,Allowing you to experience art/status in an unusual environment that you would expect there to be,"I didnâ€™t like that the art occluded my vision of the pavement and road, which could have leaded me to walk into people or miss cars in the road","I would keep all are to the side of the pavement opposite the road to avoid occluding important real world information ",It induced anxiety and stress due to the art occluding important real world information and could potentially lead to harm
2025-02-11 16:55:13,2025-02-11 16:57:08,IP Address,130.209.157.51,100,114,True,2025-02-11 16:57:09,R_8ogMCh0hfUcyd1b,,,,,55.867,-4.2621,anonymous,EN,4,ARC No Art,17,34,Slightly Agree,Mostly Disagree,Slightly Agree,Slightly Agree,Slightly Agree,,,,,,,,,,,
2025-02-11 17:00:19,2025-02-11 17:02:45,IP Address,130.209.157.51,100,146,True,2025-02-11 17:02:46,R_8hGWAz2npWr69ja,,,,,55.867,-4.2621,anonymous,EN,4,ARC 2D,22,48,Slightly Agree,Mostly Disagree,Slightly Agree,Slightly Agree,Mostly Agree,Mostly Agree,Mostly Agree,Completely Agree,Slightly Agree,Slightly Agree,Slightly Agree,Slightly Agree,"Art well placed,  felt like it added something to the space",Columns were kinda trippy,"Not place art where things will be constantly blocking it, moving the art",Not really
2025-02-11 17:02:51,2025-02-11 17:05:01,IP Address,130.209.157.51,100,130,True,2025-02-11 17:05:01,R_8sAgNCZqxyRIVxf,,,,,55.867,-4.2621,anonymous,EN,4,ARC 3D,40,24,Mostly Agree,Mostly Agree,Slightly Disagree,Slightly Agree,Mostly Disagree,Mostly Disagree,Mostly Disagree,Mostly Agree,Slightly Disagree,Slightly Agree,Slightly Agree,Slightly Agree,"Good size so easy to see, well placed where intended",The statues often looked like they were floating and fireman was very small,More realistic placements of statues,Not really
2025-02-11 17:05:23,2025-02-11 17:15:08,IP Address,130.209.157.52,100,585,True,2025-02-11 17:15:09,R_8fTAGMk3crbwZjE,,,,,55.867,-4.2621,anonymous,EN,5,ARC No Art,10,10,Undecided,Mostly Disagree,Undecided,Mostly Disagree,Slightly Agree,,,,,,,,,,,
2025-02-11 17:15:14,2025-02-11 17:21:45,IP Address,130.209.157.52,100,391,True,2025-02-11 17:21:46,R_2hpSx6ZCGOOOazv,,,,,55.867,-4.2621,anonymous,EN,5,ARC 2D,60,90,Slightly Agree,Mostly Disagree,Mostly Agree,Slightly Agree,Completely Agree,Mostly Agree,Mostly Agree,Completely Agree,Slightly Agree,Mostly Agree,Mostly Agree,Mostly Agree,Due to the spread of the art the experience felt calming and interesting with a natural addition to the space,Nothing I didnâ€™t like or have concerns with,No the art and positions were all good,The art was enjoyable to look at adding a nice experience to the space
2025-02-11 17:21:49,2025-02-11 17:26:47,IP Address,130.209.157.52,100,298,True,2025-02-11 17:26:48,R_2EAVHdyMb1V9oI1,,,,,55.867,-4.2621,anonymous,EN,5,ARC 3D,90,70,Completely Agree,Slightly Disagree,Mostly Agree,Mostly Agree,Slightly Agree,Slightly Agree,Mostly Agree,Mostly Agree,Mostly Agree,Mostly Agree,Mostly Agree,Mostly Agree,That the art/status felt more realistic be able to full approach them and get a more detailed look,"The large status did occlude a lot of the space which people could walk through which could end up with people walking into each other  ","I would change that the fireman into a more realistic position ","It was enjoyable being able to experience these pieces so close up and in good detail which I normally would see in person "
2025-02-16 10:42:48,2025-02-16 10:47:02,IP Address,92.40.193.142,100,253,True,2025-02-16 10:47:02,R_8J2Og4dBojXwo1z,,,,,55.867,-4.2621,anonymous,EN,6,Quad No Art,50,70,Completely Agree,Completely Disagree,Completely Agree,Completely Agree,Completely Agree,,,,,,,,,,,
2025-02-16 10:54:05,2025-02-16 10:56:48,IP Address,194.81.172.16,100,162,True,2025-02-16 10:56:48,R_8MxGhjUdffYqnWc,,,,,55.8803,-4.3055,anonymous,EN,7,Quad No Art,30,30,Mostly Agree,Completely Disagree,Mostly Agree,Slightly Agree,Slightly Agree,,,,,,,,,,,
2025-02-16 10:48:30,2025-02-16 10:57:50,IP Address,92.40.193.136,100,560,True,2025-02-16 10:57:51,R_22o7GkGU5R5ccTl,,,,,55.867,-4.2621,anonymous,EN,6,Quad 2D,55,70,Completely Agree,Completely Disagree,Completely Agree,Completely Agree,Mostly Agree,Slightly Agree,Slightly Agree,Mostly Agree,Mostly Agree,Mostly Agree,Mostly Agree,Mostly Agree,The art added a bit of extra interest to the scene without taking away from the beauty of the quad.  Any bigger though would have detracted from the space.  The technology worked well to help visualise the art in the space.,"Seeing the art move through the walls was a bit weird.  ",Maybe put the art on the wall rather than the window as a more natural place to see art.,It was enjoyable to see the art and spend time looking at it as I walked around.
2025-02-16 10:56:54,2025-02-16 11:05:28,IP Address,194.81.172.16,100,514,True,2025-02-16 11:05:29,R_8J9qhI3zVZr9yDW,,,,,55.8803,-4.3055,anonymous,EN,7,Quad 2D,50,65,Mostly Agree,Completely Disagree,Slightly Disagree,Undecided,Slightly Disagree,Mostly Disagree,Mostly Disagree,Mostly Disagree,Completely Disagree,Mostly Disagree,Mostly Disagree,Slightly Disagree,"Ability to place the art. ","Fixed positions. The art in the windows felt artificial. Being mounted (or able to be mounted) on the walls would have felt more natural and less visually jarring.
Technology was easy to use in this space, although seeing some of the far away art was difficult initially until I got closer to the art. Seeing the art floating as I moved closer was unusual (new experience). Perhaps if there was a way to indicate that there was art there but it only shows the details (2D art) until you are closer would be better. Also having the art fixed rotationally would have enhanced the experience.","Add: numbers or explanations of what art is (like in other art galleries).
Remove: floating aspect of art as you are far away.
Change: some art was too small. Could there be an option to zoom in - this would be great as not an option you get when visiting an art gallery.",I enjoyed the banksy more as felt most appropriately sized.
2025-02-16 10:58:02,2025-02-16 11:07:13,IP Address,92.40.193.136,100,550,True,2025-02-16 11:07:14,R_8riSG7p2hKFDjVR,,,,,55.867,-4.2621,anonymous,EN,6,Quad 3D,80,80,Completely Agree,Slightly Agree,Mostly Agree,Completely Agree,Slightly Agree,Slightly Agree,Slightly Agree,Slightly Disagree,Mostly Agree,Mostly Agree,Mostly Agree,Mostly Agree,It was really interesting to be able to walk around and visualise different statues in a space and get a good feeling for what they would look like.  It would be great to be able to play about with the sizes and positions too eventually.,"Possibly too many statues, made it too cluttered.  Realistically you would not put that many in a space like this.","Fewer statues, change sizes of some.",I enjoyed seeing the statues more than the 2d art and I felt the technology worked better for the 3d.  It was an enjoyable experience.
2025-02-16 11:05:34,2025-02-16 11:12:35,IP Address,194.81.172.16,100,420,True,2025-02-16 11:12:36,R_8LcjaxLxhVQiatR,,,,,55.8803,-4.3055,anonymous,EN,7,Quad 3D,71,79,Mostly Agree,Mostly Disagree,Mostly Agree,Mostly Agree,Slightly Agree,Mostly Agree,Mostly Agree,Mostly Agree,Mostly Agree,Mostly Agree,Mostly Agree,Mostly Agree,"Ability to see art in different spaces was really interesting. Gave a new insight. ",Some of placed art was slightly off the ground. Although floating art could add a different experience.,Remove: in this context the black/grey art seemed out of place when mixed with other more classic statues.,"I liked the different sized art and that physical space between them "
2025-02-16 11:19:23,2025-02-16 11:21:14,IP Address,92.40.193.142,100,110,True,2025-02-16 11:21:14,R_8CuvVxKcRRn8KkN,,,,,55.867,-4.2621,anonymous,EN,6,Road No Art,10,10,Slightly Disagree,Undecided,Undecided,Slightly Disagree,Slightly Disagree,,,,,,,,,,,
2025-02-16 11:21:21,2025-02-16 11:25:46,IP Address,92.40.193.140,100,264,True,2025-02-16 11:25:48,R_2OOBB7jXVg3Q2Fz,,,,,55.867,-4.2621,anonymous,EN,6,Road 2D,20,20,Mostly Agree,Slightly Disagree,Mostly Agree,Slightly Agree,Slightly Agree,Mostly Agree,Mostly Agree,Mostly Disagree,Mostly Agree,Mostly Agree,Mostly Agree,Mostly Agree,"Really helpful to visualise the art in the space ",No concerns,"Larger paintings, they felt too small in the space.",Enhanced the space
2025-02-16 11:25:50,2025-02-16 11:26:35,IP Address,194.81.172.16,100,44,True,2025-02-16 11:26:35,R_2KykGVr79XMACjN,,,,,55.8803,-4.3055,anonymous,EN,7,Road No Art,31,32,Slightly Disagree,Slightly Agree,Mostly Disagree,Completely Disagree,Completely Disagree,,,,,,,,,,,
2025-02-16 11:26:41,2025-02-16 11:31:30,IP Address,194.81.172.16,100,289,True,2025-02-16 11:31:31,R_2hF6ND6pefzodvr,,,,,55.8803,-4.3055,anonymous,EN,7,Road 2D,51,60,Mostly Disagree,Slightly Agree,Mostly Disagree,Mostly Disagree,Mostly Disagree,Completely Disagree,Completely Disagree,Mostly Disagree,Mostly Disagree,Undecided,Slightly Agree,Mostly Agree,Getting closer to art that was safe to access was great.,"Navigating to the far away art felt strange because the art was small.
Didn't like the environment for this - the art for this location jarred and seemed off (even the banksy).","Add: something to connect the art pieces (background banner or images)
Change: different art, e.g. graffiti or poster art would have been really interesting to see in this location.",Getting close to one of art pieces (landscape) was great. Made me feel calm and warm (thought of summer)
2025-02-16 11:25:52,2025-02-16 11:32:46,IP Address,92.40.193.140,100,413,True,2025-02-16 11:32:46,R_2l9ojYLACj7nYGy,,,,,55.867,-4.2621,anonymous,EN,6,Road 3D,100,100,Completely Agree,Mostly Agree,Mostly Agree,Completely Agree,Slightly Disagree,Mostly Disagree,Mostly Disagree,Undecided,Completely Agree,Completely Agree,Completely Agree,Completely Agree,It was really interesting this time to be able to get close to the statues as we couldn't go on the grass in the quads.  You could really see the quality of the images and interact with the art better.,No concerns,Not sure if we should have a statue partly in on the road,Very interesting to be able to see the statues more closely
2025-02-16 11:31:35,2025-02-16 11:44:27,IP Address,194.81.172.16,100,772,True,2025-02-16 11:44:28,R_2bkIJxDAzitWV8Z,,,,,55.8803,-4.3055,anonymous,EN,7,Road 3D,70,71,Mostly Disagree,Mostly Agree,Mostly Disagree,Mostly Disagree,Mostly Disagree,Slightly Agree,Mostly Agree,Mostly Agree,Mostly Agree,Mostly Agree,Mostly Agree,Mostly Agree,"Getting closer to the art because circumstances allowed was good.
Was funny to see kids cycling and people walking through the art. I wanted one cyclist to go through the gap in the art.",Did not feel so safe as was close to the road and peripheral vision was reduced.,Nothing I can think of,"I was most taken by the black/grey art. Seemed really appropriate for his space. Was drawn on by it and how it related to the physical space it was in. I loved the fusion of the art and the people moving around in, and through the art. Was fun and made me smile."
2025-02-16 11:51:08,2025-02-16 11:52:58,IP Address,92.40.193.142,100,110,True,2025-02-16 11:52:58,R_8fwV3LHKPdLdSqF,,,,,55.867,-4.2621,anonymous,EN,6,ARC No Art,20,30,Slightly Agree,Mostly Disagree,Slightly Agree,Slightly Disagree,Slightly Agree,,,,,,,,,,,
2025-02-16 11:53:08,2025-02-16 11:57:24,IP Address,92.40.193.142,100,256,True,2025-02-16 11:57:25,R_8vxuFNIz1bz6g81,,,,,55.867,-4.2621,anonymous,EN,6,ARC 2D,30,30,Mostly Agree,Mostly Disagree,Mostly Agree,Slightly Agree,Mostly Agree,Mostly Agree,Mostly Agree,Slightly Agree,Mostly Agree,Mostly Agree,Mostly Agree,Mostly Agree,Really good way to visualise how the art would look in the space.,"The way you can see the pictures move through the columns as you walk ",Make the pictures larger again.  I like larger art.,"I think it added interest to the space "
2025-02-16 12:59:26,2025-02-16 13:00:14,IP Address,31.185.185.192,100,48,True,2025-02-16 13:00:14,R_8CfdPXmNDhdeHgz,,,,,55.891,-4.2881,anonymous,EN,7,ARC No Art,69,72,Slightly Agree,Mostly Disagree,Mostly Agree,Slightly Agree,Slightly Disagree,,,,,,,,,,,
2025-02-16 13:00:24,2025-02-16 13:05:43,IP Address,31.185.185.192,100,319,True,2025-02-16 13:05:44,R_8OGIoyqZfCCfBPX,,,,,55.891,-4.2881,anonymous,EN,7,ARC 2D,63,65,Mostly Agree,Mostly Disagree,Mostly Agree,Slightly Agree,Slightly Agree,Slightly Agree,Slightly Agree,Slightly Agree,Slightly Disagree,Undecided,Slightly Disagree,Slightly Agree,"The open nature of the space felt that gave more light to the experience - it felt more open.
Art in windows in this location was not as out of place as my experience with the quads.",Clarity (details) in image was not great until you got close to see. Was definitely a sweet spot to get in focus.,"Add: connection between art pieces so that did not seem so disparate and separated.
Change: a mixture of 2D and 3D in this space would have felt appropriate and interesting.",This felt like the best place for the 2D art. The size of space and building and windows. Was more enjoyable.
2025-02-16 11:57:29,2025-02-16 13:05:58,IP Address,31.185.185.192,100,4109,True,2025-02-16 13:05:59,R_8crJOaeilRihFrH,,,,,55.867,-4.2621,anonymous,EN,6,ARC 3D,80,90,Completely Agree,Completely Disagree,Completely Agree,Completely Agree,Completely Agree,Mostly Agree,Mostly Agree,Mostly Agree,Mostly Agree,Mostly Agree,Completely Agree,Completely Agree,Was really good to visualise the art in the space and see what types of sculpture would be the most appropriate in this space.,I didn't place it quite right to begin with so the statues appeared to be floating.  This wasn't obvious until I moved to the second statue.,"It would be good to be able to move things around in the space and play with where to place them, size etc.  I might not have all the statues, probably just the black one in the middle.",I think it added to my enjoyment of the space as it is not the most exciting of spaces and I think it enhanced the area.
2025-02-16 13:05:49,2025-02-16 13:10:13,IP Address,31.185.185.192,100,264,True,2025-02-16 13:10:14,R_8pMDBayHhqZYer6,,,,,55.891,-4.2881,anonymous,EN,7,ARC 3D,75,77,Mostly Agree,Completely Disagree,Mostly Agree,Mostly Agree,Mostly Agree,Mostly Agree,Mostly Agree,Completely Agree,Mostly Agree,Mostly Agree,Mostly Agree,Mostly Agree,The black/grey statue and being able to walk through it and look at other statues through the gaps. That was fun and engaging. I imagined playing hide and seek with someone else that had a shared view.,"2 if the statues seem to move (discus and firefighter). I felt safer walking around in this space with the headset on.
I had to remember to keep my hands down otherwise I saw statues to be placed ",No,"I enjoyed this space the most, from a feeling like the art was there and I could go through it. I think the more open space really helped with that."
2025-02-16 13:30:59,2025-02-16 13:32:30,IP Address,109.144.212.10,100,91,True,2025-02-16 13:32:31,R_2j0ccxec13r3EZn,,,,,51.6235,-4.0344,anonymous,EN,8,Road No Art,81,100,Slightly Agree,Completely Disagree,Completely Agree,Mostly Agree,Completely Agree,,,,,,,,,,,
2025-02-16 13:32:37,2025-02-16 13:38:42,IP Address,109.144.212.10,100,364,True,2025-02-16 13:38:42,R_2InOG5JLj6cU0Qn,,,,,51.6235,-4.0344,anonymous,EN,8,Road 2D,100,100,Completely Agree,Mostly Disagree,Completely Agree,Mostly Agree,Mostly Agree,Completely Agree,Completely Agree,Completely Agree,Completely Agree,Mostly Agree,Slightly Agree,Completely Agree,"It was interesting seeing some things that I knew werenâ€™t really there ","After a few seconds it was fine ","No ","Att in most of its forms makes me happy "
2025-02-16 13:38:48,2025-02-16 13:43:10,IP Address,109.144.212.10,100,261,True,2025-02-16 13:43:10,R_2FwvQ0ml15AjLod,,,,,51.6235,-4.0344,anonymous,EN,8,Road 3D,100,100,Completely Agree,Mostly Disagree,Mostly Agree,Completely Agree,Mostly Agree,Mostly Agree,Undecided,Completely Agree,Mostly Agree,Completely Agree,Mostly Agree,Completely Agree,"Seeing the art without travelling no ","No ","No ","Art makes me think "
2025-02-16 13:54:24,2025-02-16 13:55:22,IP Address,109.144.212.10,100,58,True,2025-02-16 13:55:23,R_2gXHrnzTSI5Bp0z,,,,,51.6235,-4.0344,anonymous,EN,8,Quad No Art,100,100,Completely Agree,Mostly Agree,Completely Agree,Completely Agree,Completely Agree,,,,,,,,,,,
2025-02-16 13:55:29,2025-02-16 13:59:03,IP Address,109.144.212.10,100,214,True,2025-02-16 13:59:03,R_8rwlJVLNIdUqxZA,,,,,51.6235,-4.0344,anonymous,EN,8,Quad 2D,89,100,Completely Agree,Mostly Disagree,Completely Agree,Completely Agree,Completely Agree,Mostly Agree,Mostly Agree,Completely Agree,Mostly Agree,Completely Agree,Completely Agree,Completely Agree,"Clarity ","No ","No ","Made me look around with new perspective "
2025-02-16 13:59:10,2025-02-16 14:02:09,IP Address,109.144.212.10,100,179,True,2025-02-16 14:02:10,R_2ykjlUJy8Aa15VJ,,,,,51.6235,-4.0344,anonymous,EN,8,Quad 3D,100,100,Completely Agree,Mostly Disagree,Completely Agree,Completely Agree,Completely Agree,Mostly Agree,Mostly Agree,Completely Agree,Mostly Agree,Mostly Agree,Completely Agree,Completely Agree,"I could walk round the statue ","No ","No ","Enjoyment "
2025-02-16 15:00:46,2025-02-16 15:02:20,IP Address,194.75.12.226,100,94,True,2025-02-16 15:02:21,R_22UZUsIDLjULkJq,,,,,55.8803,-4.3055,anonymous,EN,8,ARC No Art,17,29,Completely Disagree,Completely Disagree,Slightly Disagree,Slightly Disagree,Mostly Disagree,,,,,,,,,,,
2025-02-16 15:02:27,2025-02-16 15:06:55,IP Address,194.75.12.226,100,267,True,2025-02-16 15:06:55,R_8cejIDQtf772CKL,,,,,55.8803,-4.3055,anonymous,EN,8,ARC 2D,58,85,Slightly Agree,Completely Disagree,Undecided,Slightly Disagree,Slightly Agree,Completely Agree,Completely Agree,Completely Agree,Completely Agree,Completely Agree,Completely Agree,Completely Agree,"The art livened up a boring space ","No concerns ","A few more pieces of art ","Cheered me up "
2025-02-16 15:07:00,2025-02-16 15:11:15,IP Address,194.75.12.226,100,255,True,2025-02-16 15:11:16,R_2arEzbmYp7EeYmg,,,,,55.8803,-4.3055,anonymous,EN,8,ARC 3D,100,100,Completely Agree,Mostly Disagree,Completely Agree,Completely Agree,Mostly Agree,Completely Agree,Completely Agree,Completely Agree,Completely Agree,Completely Agree,Completely Agree,Completely Agree,"Walking around the artworks and seeing from different angles ","No concerns ","Some more 3D statues ","Fascination "
2025-02-18 11:14:21,2025-02-18 11:17:08,IP Address,130.209.157.50,100,167,True,2025-02-18 11:17:08,R_8hZjsKfixr7KPDh,,,,,55.8803,-4.3055,anonymous,EN,9,ARC No Art,0,42,Slightly Disagree,Mostly Disagree,Undecided,Slightly Disagree,Undecided,,,,,,,,,,,
2025-02-18 11:29:48,2025-02-18 11:35:51,IP Address,130.209.157.50,100,362,True,2025-02-18 11:35:51,R_2FeuV6X2VCGTYIv,,,,,55.8803,-4.3055,anonymous,EN,9,ARC 2D,29,74,Slightly Agree,Slightly Disagree,Mostly Agree,Slightly Agree,Slightly Disagree,Slightly Disagree,Slightly Agree,Undecided,Mostly Agree,Mostly Agree,Mostly Agree,Mostly Agree,"Being able to get close to the art and walk around it ",I placed the them too much in the building . I liked one that hangs in the space and you can get as close as I want,"Horizontal axis seem stretched ","It was exiting to see those pieces in regular space, especially up close "
2025-02-18 11:54:44,2025-02-18 12:00:42,IP Address,130.209.157.50,100,357,True,2025-02-18 12:00:42,R_2TpRAIZqW6pzaxP,,,,,55.8803,-4.3055,anonymous,EN,9,ARC 3D,67,86,Completely Agree,Slightly Disagree,Mostly Agree,Mostly Agree,Slightly Disagree,Slightly Agree,Slightly Agree,Mostly Agree,Mostly Agree,Mostly Agree,Mostly Agree,Slightly Agree,"David had strange lighting ","I buried some of the sculptures I the ground and could not walk around them ","Make the sculptures closer together so less placing error, of place them separately ","It was great to see and walk around it. Very fun experience. Large black sculpture felt like somber war memorial, it was interesting to be transported effected by it"
2025-02-18 12:17:02,2025-02-18 12:17:56,IP Address,130.209.157.50,100,53,True,2025-02-18 12:17:56,R_2haTLrUUxx7Qk93,,,,,55.8803,-4.3055,anonymous,EN,9,Quad No Art,54,56,Completely Agree,Slightly Disagree,Mostly Agree,Completely Agree,Mostly Agree,,,,,,,,,,,
2025-02-18 12:18:05,2025-02-18 12:21:55,IP Address,130.209.157.50,100,230,True,2025-02-18 12:21:56,R_2mapa5PT78DLBnP,,,,,55.8803,-4.3055,anonymous,EN,9,Quad 2D,72,67,Completely Agree,Completely Agree,Mostly Agree,Mostly Agree,Mostly Agree,Mostly Agree,Completely Agree,Mostly Agree,Completely Agree,Mostly Agree,Mostly Agree,Completely Agree,"Realistic feel of the art ","Some paintings were to far in the building, could not get close to them ",Make art bigger or closer,"It was fun to have it close to inspect "
2025-02-18 12:22:59,2025-02-18 12:26:40,IP Address,130.209.157.50,100,221,True,2025-02-18 12:26:40,R_8fnYEWWjU6KLOrn,,,,,55.8803,-4.3055,anonymous,EN,9,Quad 3D,90,94,Completely Agree,Slightly Disagree,Mostly Agree,Completely Agree,Completely Agree,Mostly Agree,Mostly Agree,Completely Agree,Completely Agree,Completely Agree,Completely Agree,Mostly Agree,"Great space for walking around the sculptures that I would not have access to otherwise ","Very small tilt and I would burry or float sculptures further away ","It was great ","If felt like visiting art galery, always a pleasure. "
2025-02-18 13:36:52,2025-02-18 13:39:10,IP Address,194.81.172.16,100,137,True,2025-02-18 13:39:11,R_8ouMlni8xFfhIGJ,,,,,55.8803,-4.3055,anonymous,EN,10,Quad No Art,70,70,Slightly Agree,Completely Disagree,Slightly Agree,Slightly Agree,Completely Agree,,,,,,,,,,,
2025-02-18 13:39:13,2025-02-18 13:50:19,IP Address,194.81.172.16,100,665,True,2025-02-18 13:50:20,R_2E4BBIJUDhdEl2U,,,,,55.8803,-4.3055,anonymous,EN,10,Quad 2D,80,80,Mostly Agree,Mostly Disagree,Completely Agree,Mostly Agree,Mostly Agree,Slightly Agree,Mostly Agree,Slightly Agree,Slightly Disagree,Mostly Agree,Slightly Agree,Mostly Agree,I enjoyed being able to get up close to the art and examine it as if it was there,"One of the paintings was quite hard to see.
The technology worked very well in the space","I would maybe make the painting i mentioned above bigger, or swap it for a more clear one. Otherwise, though, it was great.","I thought it was cool to see it in the space, and i thought the art was quite nice"
2025-02-18 13:50:23,2025-02-18 13:57:48,IP Address,194.81.172.16,100,445,True,2025-02-18 13:57:49,R_2RQfDgV3zzDv3n8,,,,,55.8803,-4.3055,anonymous,EN,10,Quad 3D,80,90,Mostly Agree,Mostly Disagree,Mostly Agree,Mostly Agree,Mostly Agree,Completely Agree,Mostly Agree,Completely Agree,Mostly Agree,Mostly Agree,Mostly Agree,Completely Agree,"I thought it was very cool seeing the statues in the quadrant, especially being able to see them from all angles. The statues fit very naturally into the space.","One statue was very slightly leant backwards when i placed it, but not by much (a very minor grievance that didnt affect my feelings towards the experiment in any great degree). The rest was fantastic. The technology was appropriate for the space.","It would be cool to be able to go up to the statues, but due to rules in the quad you cant go on the grass :(","The grand scale of the art was exciting, and seeing it occupy the large space was really cool."
2025-02-18 14:18:09,2025-02-18 14:19:32,IP Address,194.81.172.16,100,82,True,2025-02-18 14:19:32,R_2Tt7L0TjuZ3UkJF,,,,,55.8803,-4.3055,anonymous,EN,10,ARC No Art,30,60,Undecided,Completely Disagree,Slightly Agree,Undecided,Completely Agree,,,,,,,,,,,
2025-02-18 14:19:35,2025-02-18 14:28:33,IP Address,194.81.172.16,100,537,True,2025-02-18 14:28:34,R_2ZTGwZ2ggm08SIa,,,,,55.8803,-4.3055,anonymous,EN,10,ARC 3D,80,90,Completely Agree,Completely Disagree,Completely Agree,Completely Agree,Mostly Agree,Mostly Agree,Mostly Agree,Mostly Agree,Mostly Agree,Mostly Agree,Mostly Agree,Mostly Agree,"The pillars really fit into the space, both aesthetically and from a realism standpoint. I really enjoyed getting to go up to the statues and see the detail up close. The models were mostly well positioned, and i was impressed with how the statues positioned themselves next to, but not inside or overlapping with, the buildings in the space","The firefighter was again oddly positioned, leaning slightly into the ground.
The technology was very appropriate for the space","Besides maybe repositioning the firefighter, i thought the scene was brilliant, and not in need of many changes","The art was exciting to look around and gave me a sense of awe, due to the scale of it and how well it fit inro the space, especially the pillars"
2025-02-18 14:28:36,2025-02-18 14:32:58,IP Address,194.81.172.16,100,261,True,2025-02-18 14:32:58,R_80VtGNKrdWQIQzq,,,,,55.8803,-4.3055,anonymous,EN,10,ARC 2D,70,80,Slightly Agree,Completely Disagree,Mostly Agree,Slightly Agree,Mostly Agree,Mostly Agree,Completely Agree,Completely Agree,Slightly Agree,Mostly Agree,Mostly Agree,Completely Agree,I liked getting to see the farm painting up close. I feel like i appreciated the art more in this space than in the quad. The art was placed very well.,"No major complaints about the experience or technology, no.",Not particularly.,"The art, especially the banksy and the farm captured me this time, and i gave more attention and thought to the art in this space"
2025-02-18 14:51:38,2025-02-18 14:53:57,IP Address,194.81.172.16,100,139,True,2025-02-18 14:53:58,R_8atqfJS4JHNXXs0,,,,,55.8803,-4.3055,anonymous,EN,10,Road No Art,30,50,Slightly Disagree,Mostly Disagree,Slightly Disagree,Slightly Disagree,Mostly Agree,,,,,,,,,,,
2025-02-18 14:54:01,2025-02-18 15:05:14,IP Address,194.81.172.16,100,673,True,2025-02-18 15:05:15,R_2Ii3SEQ709RiXLz,,,,,55.8803,-4.3055,anonymous,EN,10,Road 2D,50,40,Slightly Disagree,Mostly Agree,Slightly Disagree,Slightly Agree,Slightly Agree,Slightly Disagree,Slightly Disagree,Mostly Agree,Slightly Disagree,Slightly Agree,Slightly Disagree,Mostly Agree,Mona lisa and the farm were pretty well positioned and nice to look at,"The space was very busy with people and traffic, and the art fit slightly strangely in the space. The technology felt slightly unsafe to use in the space, so maybe not appropriate.","The art was mostly okay to look at in the scene, but i would not personally choose to view art in this space",I felt like i had less time to appreciate it with the busy crowds and traffic nearby
2025-02-18 15:05:18,2025-02-18 15:10:16,IP Address,194.81.172.16,100,298,True,2025-02-18 15:10:17,R_81GTvOpwZG3nd27,,,,,55.8803,-4.3055,anonymous,EN,10,Road 3D,40,25,Mostly Disagree,Completely Agree,Mostly Disagree,Slightly Agree,Mostly Disagree,Mostly Disagree,Mostly Disagree,Slightly Disagree,Mostly Disagree,Mostly Disagree,Mostly Agree,Undecided,I thought the first statue i placed fit well into the scene.,"The other statues didnt fit very well into the scene, clipping into the floor and such. The pillars obscured vision on a busy road, which felt quite stressful. Again, the technology felt slightly unsafe and inappropriate for the space.","I would reposition the statues to fit better into the scene, or simply change the location to somewhere more appropriate for the art",I didnt feel like i had much time to view or appreciate the art this time.
2025-02-23 09:08:27,2025-02-23 09:09:34,IP Address,86.185.234.56,100,67,True,2025-02-23 09:09:34,R_8kFvkYHbevrKYg8,,,,,55.8953,-4.351,anonymous,EN,9,Road No Art,4,6,Slightly Disagree,Undecided,Slightly Disagree,Undecided,Undecided,,,,,,,,,,,
2025-02-23 09:09:46,2025-02-23 09:15:10,IP Address,86.185.234.56,100,324,True,2025-02-23 09:15:10,R_2VEDmdKx6BAIzYZ,,,,,55.8953,-4.351,anonymous,EN,9,Road 2D,44,46,Slightly Agree,Slightly Agree,Undecided,Slightly Agree,Mostly Agree,Completely Agree,Mostly Agree,Slightly Disagree,Mostly Agree,Slightly Agree,Slightly Disagree,Undecided,"It was interesting and pleasant change to a route I know by heart and use daily. ","Far too small / placed too far from the fences to see details. ","I would make them much closer to the fence, as if paintings are fixed to it. ","It was engaging and very pleasant to see the art just walking by on the street "
2025-02-23 09:15:19,2025-02-23 09:27:38,IP Address,86.185.234.56,100,738,True,2025-02-23 09:27:38,R_8kFiZP29T1JlqZZ,,,,,55.8953,-4.351,anonymous,EN,9,Road 3D,86,66,Mostly Agree,Completely Agree,Mostly Agree,Completely Agree,Undecided,Mostly Agree,Mostly Agree,Mostly Agree,Completely Agree,Completely Agree,Mostly Agree,Mostly Agree,"Very immersive and realistic, added interest to the space. It was exiting to walk around sculptures knowing that they are not really there, but if felt quite real. Seeing sculpture in the middle of the road was fun too. ","Large modern sculpture was on the pavement, which was a great fun to walk through it, but it obstructed the view and nearly made me bump into people that I could not see at all. With street being busy that is a recipe for accident. ","I would probably place sculptures ""inside"" corners of buildings or just behind the rail, so there is some way to view it from different sides. But place them off pavement and road, maybe on lampposts if on pavements ","It was really realistic and made familiar space new and exiting. It was a bit scary when u walk into someone you can't see on a narrow pavement. "
2025-02-23 16:35:37,2025-02-23 16:37:46,IP Address,78.86.3.239,100,128,True,2025-02-23 16:37:47,R_8M5w9pBQzGvo9Cv,,,,,51.4666,-0.112,anonymous,EN,11,Quad No Art,20,20,Slightly Agree,Mostly Disagree,Completely Agree,Completely Agree,Slightly Agree,,,,,,,,,,,
2025-02-23 16:44:44,2025-02-23 16:46:23,IP Address,194.81.172.16,100,99,True,2025-02-23 16:46:24,R_8fkf5UiVkriWymd,,,,,55.867,-4.2621,anonymous,EN,12,Quad No Art,40,20,Undecided,Undecided,Slightly Disagree,Undecided,Slightly Agree,,,,,,,,,,,
2025-02-23 16:37:52,2025-02-23 16:49:36,IP Address,78.86.3.239,100,704,True,2025-02-23 16:49:36,R_8FQVt1W0YudKOD3,,,,,51.4666,-0.112,anonymous,EN,11,Quad 2D,70,70,Mostly Agree,Mostly Disagree,Completely Agree,Completely Agree,Slightly Agree,Undecided,Slightly Disagree,Mostly Agree,Slightly Agree,Slightly Agree,Slightly Agree,Mostly Agree,It was just cool getting to walk about and see the art.,Some of the paintings were ether in the wall or off of the wall.,Just some more art to look at and also have them placed like they are hanging on the wall.,It's was just a cool experience getting to see pieces of artwork that would never get to see in real life.
2025-02-23 16:46:28,2025-02-23 16:52:29,IP Address,194.81.172.16,100,360,True,2025-02-23 16:52:30,R_2RQClJ1xhPmxQpl,,,,,55.867,-4.2621,anonymous,EN,12,Quad 2D,61,50,Mostly Agree,Mostly Disagree,Undecided,Completely Agree,Slightly Disagree,Completely Agree,Completely Agree,Completely Agree,Slightly Agree,Mostly Disagree,Mostly Agree,Undecided,Engaging with art in a new format,"The paintings were clipping through the walls.
It affected my balance regulation",Stop the art clipping through the walls,The banksy painting made me happy because itâ€™s one of my favourite paintings
2025-02-23 16:52:48,2025-02-23 16:56:07,IP Address,194.81.172.16,100,198,True,2025-02-23 16:56:07,R_8gBazC7IHQNwS27,,,,,55.867,-4.2621,anonymous,EN,12,Quad 3D,41,30,Mostly Agree,Slightly Agree,Slightly Disagree,Slightly Agree,Undecided,Slightly Agree,Slightly Agree,Slightly Agree,Mostly Disagree,Slightly Disagree,Mostly Agree,Slightly Disagree,"Cool statues 
",A little more disorienting with 3d models,No,
2025-02-23 17:00:01,2025-02-23 17:08:02,IP Address,78.86.3.239,100,480,True,2025-02-23 17:08:02,R_8d7e6ZHtLCQyc2K,,,,,51.4666,-0.112,anonymous,EN,11,Quad 3D,65,70,Completely Agree,Mostly Disagree,Mostly Agree,Completely Agree,Slightly Agree,Mostly Agree,Mostly Disagree,Mostly Agree,Mostly Agree,Slightly Agree,Slightly Agree,Slightly Disagree,I liked seeing how the art was actually 3d and you could see all angles.,It was hard to place them in a spot that the made them all touch the ground.,The way of placing them,The 3d art felt more real in the space.
2025-02-23 17:06:39,2025-02-23 17:08:54,IP Address,194.81.172.16,100,135,True,2025-02-23 17:08:55,R_2HwEStmjyTK8TAZ,,,,,55.867,-4.2621,anonymous,EN,12,Road No Art,20,19,Completely Disagree,Completely Disagree,Mostly Disagree,Completely Agree,Slightly Disagree,,,,,,,,,,,
2025-02-23 17:08:08,2025-02-23 17:11:12,IP Address,78.86.3.239,100,184,True,2025-02-23 17:11:13,R_2QsZqI8Db3eF6i9,,,,,51.4666,-0.112,anonymous,EN,11,Road No Art,60,49,Mostly Agree,Slightly Agree,Mostly Agree,Completely Agree,Mostly Agree,,,,,,,,,,,
2025-02-23 17:09:01,2025-02-23 17:13:49,IP Address,194.81.172.16,100,288,True,2025-02-23 17:13:50,R_2q3p1piheRbVuQV,,,,,55.867,-4.2621,anonymous,EN,12,Road 2D,50,30,Mostly Agree,Completely Disagree,Slightly Agree,Slightly Disagree,Slightly Disagree,Slightly Disagree,Mostly Agree,Mostly Agree,Mostly Disagree,Mostly Disagree,Mostly Agree,Mostly Agree,Cool paintings,Disorienting after approaching metal materials,No,
2025-02-23 17:13:54,2025-02-23 17:19:29,IP Address,194.81.172.16,100,334,True,2025-02-23 17:19:29,R_25Z4paMTqiZBC2l,,,,,55.867,-4.2621,anonymous,EN,12,Road 3D,30,10,Slightly Agree,Mostly Agree,Mostly Disagree,Slightly Agree,Mostly Disagree,Mostly Disagree,Slightly Agree,Mostly Agree,Completely Disagree,Mostly Disagree,Slightly Agree,Completely Disagree,Dave the statue,"I found the textures of the 3D models to be really disorienting. ",The textures,
2025-02-23 17:11:16,2025-02-23 17:31:02,IP Address,78.86.3.239,100,1186,True,2025-02-23 17:31:02,R_8C9fg1yEennOFV3,,,,,51.4666,-0.112,anonymous,EN,11,Road 2D,58,59,Mostly Agree,Mostly Agree,Slightly Agree,Mostly Agree,Slightly Disagree,Slightly Disagree,Mostly Disagree,Mostly Agree,Slightly Disagree,Slightly Disagree,Undecided,Mostly Agree,The road was a nice setting.,The positioning of the paintings.,Have different paintings.,It wasn't as impactful as the quad because of the positioning of the art.
2025-02-23 17:31:06,2025-02-23 17:36:58,IP Address,78.86.3.239,100,352,True,2025-02-23 17:36:59,R_2kohKVFUjNs5L81,,,,,51.4666,-0.112,anonymous,EN,11,Road 3D,55,60,Mostly Agree,Slightly Agree,Slightly Disagree,Completely Agree,Mostly Disagree,Mostly Disagree,Mostly Disagree,Undecided,Mostly Disagree,Slightly Disagree,Undecided,Slightly Disagree,"The aria chosen ","That the art was in the ground, I was able to stand on it",Different sculptures.,It didn't really affect me because the position was so off.
2025-02-23 17:38:52,2025-02-23 17:40:41,IP Address,194.81.172.16,100,109,True,2025-02-23 17:40:41,R_8qiHPlAQViUMJwt,,,,,55.867,-4.2621,anonymous,EN,12,ARC No Art,19,30,Undecided,Completely Disagree,Slightly Disagree,Slightly Agree,Slightly Disagree,,,,,,,,,,,
2025-02-23 17:40:45,2025-02-23 17:46:01,IP Address,194.81.172.16,100,316,True,2025-02-23 17:46:02,R_8vzV8riiWn7EaU9,,,,,55.867,-4.2621,anonymous,EN,12,ARC 2D,70,50,Mostly Agree,Completely Disagree,Slightly Agree,Mostly Agree,Slightly Agree,Slightly Disagree,Mostly Agree,Completely Agree,Mostly Disagree,Slightly Agree,Mostly Agree,Slightly Agree,The wooden frame for Banksy painting felt very real,The paintings felt out of place,"More wooden textures, metal was too unrealistic",
2025-02-23 17:46:06,2025-02-23 17:52:36,IP Address,194.81.172.16,100,390,True,2025-02-23 17:52:37,R_8mF3DziGFmZbGfv,,,,,55.867,-4.2621,anonymous,EN,12,ARC 3D,20,41,Slightly Agree,Slightly Agree,Slightly Disagree,Slightly Agree,Slightly Disagree,Slightly Agree,Mostly Disagree,Slightly Agree,Mostly Disagree,Mostly Disagree,Mostly Agree,Mostly Disagree,Dave,The texture of the metal statue. Made me feel a bit ill and disoriented,No,
2025-02-23 17:49:44,2025-02-23 17:53:34,IP Address,78.86.3.239,100,229,True,2025-02-23 17:53:34,R_2RvYaOTb1eVQ80n,,,,,51.4666,-0.112,anonymous,EN,11,ARC No Art,59,48,Mostly Agree,Mostly Disagree,Mostly Agree,Mostly Agree,Mostly Agree,,,,,,,,,,,
2025-02-23 17:53:36,2025-02-23 18:02:59,IP Address,78.86.3.239,100,562,True,2025-02-23 18:03:00,R_8VO53L15q5SXfSo,,,,,51.4666,-0.112,anonymous,EN,11,ARC 2D,64,70,Mostly Agree,Mostly Disagree,Mostly Agree,Mostly Agree,Slightly Disagree,Slightly Disagree,Slightly Disagree,Mostly Agree,Slightly Agree,Slightly Agree,Undecided,Slightly Agree,Walking about the space.,Positioning,New art.,No it was pretty good
2025-02-23 18:03:02,2025-02-23 18:10:05,IP Address,78.86.3.239,100,423,True,2025-02-23 18:10:05,R_8rjCM7lQGBKIXNu,,,,,51.4666,-0.112,anonymous,EN,11,ARC 3D,80,80,Mostly Agree,Mostly Disagree,Mostly Agree,Mostly Agree,Slightly Agree,Slightly Agree,Slightly Disagree,Mostly Agree,Mostly Agree,Mostly Agree,Undecided,Slightly Agree,Getting to walk through the metal one.,Two of them were in the ground.,Some different art.,I was able to walk under the metal one and it really felt like it was there.
